{
"lengthUnit": "mil",
"components": {
	"fields": ["COMPONENT_NO", "COMPONENT_NAME", "LAYER", "X_COORDINATE", "Y_COORDINATE", "ANGLE"],
	"rows": [
		[1, "PAD1", "T", 1737.33, 1952.04, 0],
		[2, "PAD1", "B", 1737.33, 1952.04, 0],
		[3, "PAD2", "T", 1938.15, 1652.23, 0],
		[4, "PAD2", "B", 1938.15, 1652.23, 0],
		[5, "PAD3", "T", 1978.51, 1709.86, 0],
		[6, "PAD3", "B", 1978.51, 1709.86, 0],
		[7, "PAD4", "T", 2310.76, 3471.63, 0],
		[8, "PAD4", "B", 2310.76, 3471.63, 0],
		[9, "PAD5", "T", 3266.23, 1839.87, 0],
		[10, "PAD5", "B", 3266.23, 1839.87, 0],
		[11, "PAD6", "T", 3425.83, 2994.56, 0],
		[12, "PAD6", "B", 3425.83, 2994.56, 0],
		[13, "PAD7", "T", 3451.45, 1808.65, 0],
		[14, "PAD7", "B", 3451.45, 1808.65, 0],
		[15, "PAD8", "T", 3479.69, 3029.34, 0],
		[16, "PAD8", "B", 3479.69, 3029.34, 0],
		[17, "PAD9", "T", 3518.45, 1992.55, 0],
		[18, "PAD9", "B", 3518.45, 1992.55, 0],
		[19, "PAD10", "T", 3535.35, 2661.1, 0],
		[20, "PAD10", "B", 3535.35, 2661.1, 0],
		[21, "PAD11", "T", 3621.72, 2642.37, 0],
		[22, "PAD11", "B", 3621.72, 2642.37, 0],
		[23, "PAD12", "T", 2811.11, 1541.75, 0],
		[24, "PAD13", "T", 2489.49, 1543.34, 0],
		[25, "PAD14", "T", 2655.92, 1407.73, 0]
	]
},
"pins": {
	"fields": ["PIN_NO", "PIN_NAME", "PIN_X", "PIN_Y", "LAYER", "PIN_TYPE", "NET_NAME", "NET_TYPE", "PAD_SHAPE", "PAD_SIZEX", "PAD_SIZEY", "HOLE_SIZE", "PAD_ANGLE"],
	"rows": [
		[1, "PAD1_1", 1737.33, 1952.04, "T", "DIP", "GND", "GND", "O", 196.85, 39.37, 0.1, 135],
		[2, "PAD1_1", 1737.33, 1952.04, "B", "DIP", "GND", "GND", "O", 196.85, 39.37, 0.1, 135],
		[3, "PAD2_1", 1938.15, 1652.23, "T", "DIP", "GND", "GND", "O", 236.22, 39.37, 0.1, 135],
		[4, "PAD2_1", 1938.15, 1652.23, "B", "DIP", "GND", "GND", "O", 236.22, 39.37, 0.1, 135],
		[5, "PAD3_1", 1978.51, 1709.86, "T", "DIP", "GND", "GND", "O", 196.85, 39.37, 0.1, 135],
		[6, "PAD3_1", 1978.51, 1709.86, "B", "DIP", "GND", "GND", "O", 196.85, 39.37, 0.1, 135],
		[7, "PAD4_1", 2310.76, 3471.63, "T", "DIP", "GND", "GND", "O", 275.59, 39.37, 0.1, 0],
		[8, "PAD4_1", 2310.76, 3471.63, "B", "DIP", "GND", "GND", "O", 275.59, 39.37, 0.1, 0],
		[9, "PAD5_1", 3266.23, 1839.87, "T", "DIP", "GND", "GND", "O", 236.22, 39.37, 0.1, 45],
		[10, "PAD5_1", 3266.23, 1839.87, "B", "DIP", "GND", "GND", "O", 236.22, 39.37, 0.1, 45],
		[11, "PAD6_1", 3425.83, 2994.56, "T", "DIP", "GND", "GND", "O", 196.85, 39.37, 0.1, 135],
		[12, "PAD6_1", 3425.83, 2994.56, "B", "DIP", "GND", "GND", "O", 196.85, 39.37, 0.1, 135],
		[13, "PAD7_1", 3451.45, 1808.65, "T", "DIP", "GND", "GND", "O", 708.66, 39.37, 0.1, 45],
		[14, "PAD7_1", 3451.45, 1808.65, "B", "DIP", "GND", "GND", "O", 708.66, 39.37, 0.1, 45],
		[15, "PAD8_1", 3479.69, 3029.34, "T", "DIP", "GND", "GND", "O", 236.22, 39.37, 0.1, 135],
		[16, "PAD8_1", 3479.69, 3029.34, "B", "DIP", "GND", "GND", "O", 236.22, 39.37, 0.1, 135],
		[17, "PAD9_1", 3518.45, 1992.55, "T", "DIP", "GND", "GND", "O", 196.85, 39.37, 0.1, 45],
		[18, "PAD9_1", 3518.45, 1992.55, "B", "DIP", "GND", "GND", "O", 196.85, 39.37, 0.1, 45],
		[19, "PAD10_1", 3535.35, 2661.1, "T", "DIP", "GND", "GND", "O", 196.85, 39.37, 0.1, 270],
		[20, "PAD10_1", 3535.35, 2661.1, "B", "DIP", "GND", "GND", "O", 196.85, 39.37, 0.1, 270],
		[21, "PAD11_1", 3621.72, 2642.37, "T", "DIP", "GND", "GND", "O", 236.22, 39.37, 0.1, 270],
		[22, "PAD11_1", 3621.72, 2642.37, "B", "DIP", "GND", "GND", "O", 236.22, 39.37, 0.1, 270],
		[23, "PAD12_1", 2811.11, 1541.75, "T", "SMD", "GND", "GND", "O", 275.59, 39.37, 0, 0],
		[24, "PAD13_1", 2489.49, 1543.34, "T", "SMD", "GND", "GND", "O", 275.59, 39.37, 0, 0],
		[25, "PAD14_1", 2655.92, 1407.73, "T", "SMD", "GND", "GND", "O", 787.4, 39.37, 0, 180]
	]
}
}